App Name,Review
Bible,I love that I can read along or just listen! I love the Bible app! The Bible is literally God's word spoken! Best Book ever written!
Bible,I love that I can read the bible while I drive or make dinner...it makes it so convenient there's no reason to miss a day of getting into the word.
Bible,This is awesome for when I don't have time to read i can listen to it and still learn the word of God
Bible,Easy reading and I love how I can highlight scriptures that I would like to remember.
Calculator,"This calculator is FANTASTIC!!! I LOVE IT! It has every unit of measuremement for anything you can think of! Try it, you will be very happy you did. No more looking for a better one now."
Calculator,This calculator has never let me down at home or work. I am more than great fully appreciative of it's simplicity. It's also free...so a no brainer! win win people…
Calculator,I use this when I go grocery shopping and it helps me track my spending
Calendar,"Great calendar, room to write, very organized!! which is Always what I need!😊"
Calendar,"This calendar is easy to use,I like it !"
Calendar,This is the calendar I was hoping to have. Simple and easy to use. Thanks to the developers
Alarm Clock,"First Day But It's So Far, Simply Awesome!!"
Alarm Clock,Nice loud alarm got me right up! Iam a heavy sleeper..Good job on development guys..Thank you.
Alarm Clock,"It woke me up on time this morning, perfect.I'm very pleased thank you."
Find Phone,I like this app it's the best app in the world
Find Phone,I lose my phone all the time. this has been a life saver. since it's still free it's even better.
Find Phone,I love this. I lose my phone all the the time. I now find it with just a whistle.
Find Phone,"The easiest, the coolest, the loudest app, to find my phone 5 stars all the way."
Flashlight,Exceptional. Eazy to manage and work with. The Light Beam is exceptionally strong and wide
Flashlight,I needed a stronger light than the light that was on my phone and it downloaded immediately and it's quite bright!
Flashlight,This flashlight 🔦 app is so much better than others I have used!
Horoscope,Great App with Great features and positive vibes!
Horoscope,Love this App its absolutely great & teaches me more than I ever knew on astrology & our Zodiac signs
Notepad,"This is an actual GOOD app. One that doesn't suck, and won't disappoint you."
Notepad,"I love this app! I keep notes about birthdays, clothing sizes, my family's addresses, notes for my doctor, and more!"
Notepad,I love this app because it really does help me remember stuff!
QR,Very easy to use and understand the app. Had a lot of information about the product that I was trying to find information on. Would recommend to others.
QR,Out of several bar code readers that I have used this is by far the quickest and best!
QR,The grocery store had the wrong barcode on the item on the shelf. Barcode scanner works like it is suppose to
Volume,FANTASTIC! This is the FIRST sound boosting app that I have ever installed that actually WORKS!! THANK YOU! 🥰🤗🥳💋💞
Volume,Great app! I can control all my app volumes separately and the boost is incredible!
Volume,I love this app so much i didn't know I can make my volume so loud i hope this app never dies😃
Volume,"I used to have trouble hearing the phone ring,low volume on my music, alarms and notifications until now"
Volume,I love this app it made my phone 10 times louder I'm going to recommend this to all my friends and family
Weather,Always recieve up to the minute and accurate weather forecast
Weather,Loving my new Weather app...So detailed..